species,OR,terminal,combination,type,R1,A1,P1,R2,A2,P2,R3,A31,A32,P3
homo_sapiens,LYS,C,1047.C - 1047.A - 104.C,DPD,LX3,CG,1047.C,LX2,CB,1047.A,LXX,C13,C12,104.C
homo_sapiens,LYS,C,1047.C - 1047.A - 98.B,DPD,LX3,CG,1047.C,LX2,CB,1047.A,LXX,C13,C12,98.B
homo_sapiens,LYS,N,9.C - 5.B - 944.B,DPD,LX3,CG,9.C,LX2,CB,5.B,LXX,C13,C12,944.B
homo_sapiens,LYS,N,5.B - 9.C - 947.A,DPD,LX3,CG,5.B,LX2,CB,9.C,LXX,C13,C12,947.A
homo_sapiens,LYS,C,1047.C - 1047.A - 104.C,DPL,L3X,CG,1047.C,L2X,CG,1047.A,LYY,C13,C12,104.C
homo_sapiens,LYS,C,1047.C - 1047.A - 98.B,DPL,L3X,CG,1047.C,L2X,CG,1047.A,LYY,C13,C12,98.B
homo_sapiens,LYS,N,9.C - 5.B - 944.B,DPL,L3X,CG,9.C,L2X,CG,5.B,LYY,C13,C12,944.B
homo_sapiens,LYS,N,5.B - 9.C - 947.A,DPL,L3X,CG,5.B,L2X,CG,9.C,LYY,C13,C12,947.A
homo_sapiens,LYS,C,1047.C - 104.C,HLKNL,L5Y,NZ,1047.C,L4Y,CE,104.C,NONE,NONE,NONE,NONE
homo_sapiens,LYS,C,1047.C - 98.B,HLKNL,L5Y,NZ,1047.C,L4Y,CE,98.B,NONE,NONE,NONE,NONE
homo_sapiens,LYS,C,104.C - 1047.A,HLKNL,L5Y,NZ,1047.A,L4Y,CE,104.C,NONE,NONE,NONE,NONE
homo_sapiens,LYS,C,1047.A - 98.B,HLKNL,L5Y,NZ,1047.A,L4Y,CE,98.B,NONE,NONE,NONE,NONE
homo_sapiens,LYS,N,9.C - 947.A,HLKNL,L5Y,NZ,9.C,L4Y,CE,947.A,NONE,NONE,NONE,NONE
homo_sapiens,LYS,N,9.C - 944.B,HLKNL,L5Y,NZ,9.C,L4Y,CE,944.B,NONE,NONE,NONE,NONE
homo_sapiens,LYS,N,947.A - 5.B,HLKNL,L5Y,NZ,5.B,L4Y,CE,947.A,NONE,NONE,NONE,NONE
homo_sapiens,LYS,N,5.B - 944.B,HLKNL,L5Y,NZ,5.B,L4Y,CE,944.B,NONE,NONE,NONE,NONE
homo_sapiens,LYS,C,1047.C - 104.C,LKNL,L5X,NZ,1047.C,L4X,CE,104.C,NONE,NONE,NONE,NONE
homo_sapiens,LYS,C,1047.C - 98.B,LKNL,L5X,NZ,1047.C,L4X,CE,98.B,NONE,NONE,NONE,NONE
homo_sapiens,LYS,C,104.C - 1047.A,LKNL,L5X,NZ,1047.A,L4X,CE,104.C,NONE,NONE,NONE,NONE
homo_sapiens,LYS,C,1047.A - 98.B,LKNL,L5X,NZ,1047.A,L4X,CE,98.B,NONE,NONE,NONE,NONE
homo_sapiens,LYS,N,9.C - 947.A,LKNL,L5X,NZ,9.C,L4X,CE,947.A,NONE,NONE,NONE,NONE
homo_sapiens,LYS,N,9.C - 944.B,LKNL,L5X,NZ,9.C,L4X,CE,944.B,NONE,NONE,NONE,NONE
homo_sapiens,LYS,N,947.A - 5.B,LKNL,L5X,NZ,5.B,L4X,CE,947.A,NONE,NONE,NONE,NONE
homo_sapiens,LYS,N,5.B - 944.B,LKNL,L5X,NZ,5.B,L4X,CE,944.B,NONE,NONE,NONE,NONE
homo_sapiens,LYS,C,1047.C - 104.C,NOCROSS,NONE,NONE,NONE,NONE,NONE,NONE,NONE,NONE,NONE,NONE
homo_sapiens,LYS,C,1047.C - 98.B,NOCROSS,NONE,NONE,NONE,NONE,NONE,NONE,NONE,NONE,NONE,NONE
homo_sapiens,LYS,C,104.C - 1047.A,NOCROSS,NONE,NONE,NONE,NONE,NONE,NONE,NONE,NONE,NONE,NONE
homo_sapiens,LYS,C,1047.A - 98.B,NOCROSS,NONE,NONE,NONE,NONE,NONE,NONE,NONE,NONE,NONE,NONE
homo_sapiens,LYS,N,9.C - 947.A,NOCROSS,NONE,NONE,NONE,NONE,NONE,NONE,NONE,NONE,NONE,NONE
homo_sapiens,LYS,N,9.C - 944.B,NOCROSS,NONE,NONE,NONE,NONE,NONE,NONE,NONE,NONE,NONE,NONE
homo_sapiens,LYS,N,947.A - 5.B,NOCROSS,NONE,NONE,NONE,NONE,NONE,NONE,NONE,NONE,NONE,NONE
homo_sapiens,LYS,N,5.B - 944.B,NOCROSS,NONE,NONE,NONE,NONE,NONE,NONE,NONE,NONE,NONE,NONE
homo_sapiens,LYS,C,1047.C - 1047.A - 104.C,PYD,LY3,CG,1047.C,LY2,CB,1047.A,LYX,C13,C12,104.C
homo_sapiens,LYS,C,1047.C - 1047.A - 98.B,PYD,LY3,CG,1047.C,LY2,CB,1047.A,LYX,C13,C12,98.B
homo_sapiens,LYS,N,9.C - 5.B - 944.B,PYD,LY3,CG,9.C,LY2,CB,5.B,LYX,C13,C12,944.B
homo_sapiens,LYS,N,5.B - 9.C - 947.A,PYD,LY3,CG,5.B,LY2,CB,9.C,LYX,C13,C12,947.A
homo_sapiens,LYS,C,1047.C - 1047.A - 104.C,PYL,L3Y,CG,1047.C,L2Y,CG,1047.A,LXY,C13,C12,104.C
homo_sapiens,LYS,C,1047.C - 1047.A - 98.B,PYL,L3Y,CG,1047.C,L2Y,CG,1047.A,LXY,C13,C12,98.B
homo_sapiens,LYS,N,9.C - 5.B - 944.B,PYL,L3Y,CG,9.C,L2Y,CG,5.B,LXY,C13,C12,944.B
homo_sapiens,LYS,N,5.B - 9.C - 947.A,PYL,L3Y,CG,5.B,L2Y,CG,9.C,LXY,C13,C12,947.A
homo_sapiens,LYS,C,1047.C - 104.C,deHHLNL,LY5,NZ,1047.C,LY4,CE,104.C,NONE,NONE,NONE,NONE
homo_sapiens,LYS,C,1047.C - 98.B,deHHLNL,LY5,NZ,1047.C,LY4,CE,98.B,NONE,NONE,NONE,NONE
homo_sapiens,LYS,C,104.C - 1047.A,deHHLNL,LY5,NZ,1047.A,LY4,CE,104.C,NONE,NONE,NONE,NONE
homo_sapiens,LYS,C,1047.A - 98.B,deHHLNL,LY5,NZ,1047.A,LY4,CE,98.B,NONE,NONE,NONE,NONE
homo_sapiens,LYS,N,9.C - 947.A,deHHLNL,LY5,NZ,9.C,LY4,CE,947.A,NONE,NONE,NONE,NONE
homo_sapiens,LYS,N,9.C - 944.B,deHHLNL,LY5,NZ,9.C,LY4,CE,944.B,NONE,NONE,NONE,NONE
homo_sapiens,LYS,N,947.A - 5.B,deHHLNL,LY5,NZ,5.B,LY4,CE,947.A,NONE,NONE,NONE,NONE
homo_sapiens,LYS,N,5.B - 944.B,deHHLNL,LY5,NZ,5.B,LY4,CE,944.B,NONE,NONE,NONE,NONE
homo_sapiens,LYS,C,1047.C - 104.C,deHLNL,LX5,NZ,1047.C,LX4,CE,104.C,NONE,NONE,NONE,NONE
homo_sapiens,LYS,C,1047.C - 98.B,deHLNL,LX5,NZ,1047.C,LX4,CE,98.B,NONE,NONE,NONE,NONE
homo_sapiens,LYS,C,104.C - 1047.A,deHLNL,LX5,NZ,1047.A,LX4,CE,104.C,NONE,NONE,NONE,NONE
homo_sapiens,LYS,C,1047.A - 98.B,deHLNL,LX5,NZ,1047.A,LX4,CE,98.B,NONE,NONE,NONE,NONE
homo_sapiens,LYS,N,9.C - 947.A,deHLNL,LX5,NZ,9.C,LX4,CE,947.A,NONE,NONE,NONE,NONE
homo_sapiens,LYS,N,9.C - 944.B,deHLNL,LX5,NZ,9.C,LX4,CE,944.B,NONE,NONE,NONE,NONE
homo_sapiens,LYS,N,947.A - 5.B,deHLNL,LX5,NZ,5.B,LX4,CE,947.A,NONE,NONE,NONE,NONE
homo_sapiens,LYS,N,5.B - 944.B,deHLNL,LX5,NZ,5.B,LX4,CE,944.B,NONE,NONE,NONE,NONE
